GEOID,year,median_rent,population,poverty_total,poverty_below,race_total,race_white,race_black,race_native,race_asian,race_pi,race_other,race_mixed,education_no_diploma,education_high_school,education_associates,education_bachelors,education_masters,education_professional,education_doctorate
20000001000,2013,,0.0,0.0,0.0,0.0,0.0,0.0,0.0,0.0,0.0,0.0,0.0,0.0,0.0,0.0,0.0,0.0,0.0,0.0
20000001001,2013,,9191.0,0.0,0.0,9191.0,1361.0,5388.0,0.0,202.0,0.0,2080.0,160.0,3921.0,1782.0,106.0,87.0,35.0,0.0,8.0
20000002000,2013,,0.0,0.0,0.0,0.0,0.0,0.0,0.0,0.0,0.0,0.0,0.0,0.0,0.0,0.0,0.0,0.0,0.0,0.0
20000002001,2013,385400.0,1303.0,400.0,88.0,1303.0,141.0,642.0,0.0,60.0,0.0,438.0,22.0,208.0,519.0,37.0,88.0,51.0,0.0,0.0
20000002002,2013,418000.0,1770.0,486.0,138.0,1770.0,794.0,565.0,0.0,0.0,0.0,371.0,40.0,177.0,558.0,149.0,168.0,22.0,0.0,0.0
20000002003,2013,474600.0,1785.0,461.0,52.0,1785.0,417.0,297.0,35.0,199.0,0.0,829.0,8.0,294.0,515.0,103.0,149.0,38.0,0.0,0.0
20000004000,2013,,0.0,0.0,0.0,0.0,0.0,0.0,0.0,0.0,0.0,0.0,0.0,0.0,0.0,0.0,0.0,0.0,0.0,0.0
20000004001,2013,445900.0,820.0,275.0,68.0,820.0,144.0,234.0,0.0,0.0,0.0,433.0,9.0,151.0,185.0,36.0,39.0,30.0,0.0,0.0
20000004002,2013,354800.0,1344.0,454.0,71.0,1344.0,500.0,234.0,0.0,81.0,0.0,519.0,10.0,217.0,397.0,114.0,142.0,22.0,0.0,0.0
20000004003,2013,322700.0,2669.0,865.0,0.0,2669.0,695.0,959.0,0.0,14.0,0.0,936.0,65.0,185.0,906.0,277.0,357.0,169.0,0.0,0.0
20000004004,2013,450000.0,511.0,159.0,14.0,511.0,0.0,141.0,0.0,21.0,0.0,349.0,0.0,47.0,204.0,7.0,61.0,41.0,0.0,0.0
20000016001,2013,,2199.0,805.0,140.0,2199.0,559.0,959.0,0.0,0.0,0.0,596.0,85.0,578.0,735.0,85.0,81.0,31.0,0.0,0.0
20000016002,2013,463000.0,767.0,319.0,118.0,767.0,304.0,263.0,0.0,0.0,0.0,190.0,10.0,112.0,237.0,5.0,123.0,0.0,31.0,0.0
20000016003,2013,,805.0,404.0,94.0,805.0,160.0,351.0,0.0,0.0,0.0,285.0,9.0,143.0,348.0,11.0,11.0,30.0,0.0,0.0
20000016004,2013,393100.0,1444.0,417.0,63.0,1444.0,512.0,144.0,0.0,0.0,0.0,777.0,11.0,231.0,441.0,55.0,68.0,27.0,2.0,0.0
20000019000,2013,,0.0,0.0,0.0,0.0,0.0,0.0,0.0,0.0,0.0,0.0,0.0,0.0,0.0,0.0,0.0,0.0,0.0,0.0
20000019001,2013,343100.0,1446.0,509.0,124.0,1446.0,553.0,239.0,0.0,24.0,0.0,590.0,40.0,208.0,338.0,26.0,145.0,66.0,19.0,5.0
20000019002,2013,,112.0,21.0,14.0,112.0,86.0,26.0,0.0,0.0,0.0,0.0,0.0,14.0,29.0,0.0,0.0,0.0,0.0,0.0
20000019003,2013,368800.0,1004.0,301.0,151.0,1004.0,356.0,389.0,0.0,10.0,0.0,231.0,18.0,237.0,395.0,35.0,34.0,8.0,0.0,0.0
20000019004,2013,,0.0,0.0,0.0,0.0,0.0,0.0,0.0,0.0,0.0,0.0,0.0,0.0,0.0,0.0,0.0,0.0,0.0,0.0
20000019005,2013,,0.0,0.0,0.0,0.0,0.0,0.0,0.0,0.0,0.0,0.0,0.0,0.0,0.0,0.0,0.0,0.0,0.0,0.0
20000020001,2013,354300.0,906.0,267.0,79.0,906.0,110.0,276.0,89.0,0.0,0.0,223.0,208.0,76.0,446.0,83.0,36.0,55.0,0.0,0.0
20000020002,2013,383800.0,1718.0,632.0,210.0,1718.0,452.0,440.0,0.0,117.0,0.0,662.0,47.0,443.0,337.0,69.0,112.0,39.0,0.0,11.0
20000020003,2013,,2649.0,905.0,532.0,2649.0,654.0,1203.0,48.0,80.0,0.0,632.0,32.0,724.0,558.0,133.0,87.0,0.0,0.0,0.0
20000020004,2013,,1588.0,546.0,171.0,1588.0,134.0,532.0,0.0,0.0,0.0,922.0,0.0,198.0,508.0,34.0,82.0,0.0,0.0,0.0
20000020005,2013,,766.0,335.0,136.0,766.0,132.0,464.0,0.0,0.0,0.0,170.0,0.0,157.0,170.0,32.0,34.0,31.0,0.0,0.0
20000020006,2013,386000.0,829.0,295.0,148.0,829.0,128.0,416.0,0.0,0.0,0.0,285.0,0.0,141.0,227.0,77.0,107.0,63.0,0.0,0.0
20000023001,2013,,2274.0,1000.0,624.0,2274.0,630.0,1201.0,18.0,0.0,0.0,405.0,20.0,807.0,664.0,45.0,23.0,0.0,13.0,0.0
20000023002,2013,,733.0,263.0,80.0,733.0,213.0,382.0,14.0,0.0,0.0,118.0,6.0,147.0,153.0,22.0,12.0,1.0,0.0,0.0
20000023003,2013,,1665.0,572.0,295.0,1665.0,541.0,441.0,22.0,0.0,0.0,601.0,60.0,390.0,447.0,40.0,80.0,0.0,0.0,5.0
20000024000,2013,,0.0,0.0,0.0,0.0,0.0,0.0,0.0,0.0,0.0,0.0,0.0,0.0,0.0,0.0,0.0,0.0,0.0,0.0
20000024001,2013,,0.0,0.0,0.0,0.0,0.0,0.0,0.0,0.0,0.0,0.0,0.0,0.0,0.0,0.0,0.0,0.0,0.0,0.0
20000025001,2013,,886.0,267.0,176.0,886.0,565.0,66.0,0.0,0.0,0.0,255.0,0.0,302.0,143.0,0.0,24.0,0.0,0.0,0.0
20000025002,2013,,1589.0,564.0,310.0,1589.0,361.0,495.0,0.0,0.0,0.0,620.0,113.0,309.0,406.0,26.0,51.0,21.0,19.0,0.0
20000025003,2013,,1341.0,478.0,308.0,1341.0,310.0,267.0,0.0,195.0,0.0,569.0,0.0,450.0,312.0,21.0,0.0,0.0,0.0,0.0
20000025004,2013,,780.0,271.0,119.0,780.0,361.0,168.0,0.0,0.0,0.0,220.0,31.0,244.0,136.0,16.0,19.0,0.0,0.0,0.0
20000025005,2013,,512.0,234.0,144.0,512.0,224.0,108.0,0.0,91.0,0.0,76.0,13.0,101.0,185.0,28.0,0.0,7.0,0.0,0.0
20000027011,2013,,1665.0,565.0,240.0,1665.0,571.0,799.0,0.0,0.0,0.0,233.0,62.0,346.0,464.0,13.0,126.0,29.0,0.0,0.0
20000027012,2013,,1507.0,494.0,251.0,1507.0,356.0,683.0,0.0,0.0,0.0,458.0,10.0,455.0,300.0,13.0,27.0,5.0,0.0,23.0
20000027021,2013,,1551.0,511.0,187.0,1551.0,295.0,929.0,0.0,0.0,0.0,291.0,36.0,379.0,384.0,89.0,110.0,0.0,0.0,0.0
20000027022,2013,,926.0,130.0,44.0,926.0,221.0,149.0,0.0,0.0,0.0,517.0,39.0,279.0,103.0,36.0,0.0,0.0,0.0,0.0
20000027023,2013,,1484.0,441.0,270.0,1484.0,599.0,314.0,0.0,0.0,0.0,494.0,77.0,377.0,266.0,53.0,0.0,0.0,0.0,0.0
20000027024,2013,,762.0,298.0,164.0,762.0,163.0,385.0,19.0,0.0,0.0,195.0,0.0,155.0,140.0,21.0,39.0,0.0,0.0,0.0
20000028000,2013,,0.0,0.0,0.0,0.0,0.0,0.0,0.0,0.0,0.0,0.0,0.0,0.0,0.0,0.0,0.0,0.0,0.0,0.0
20000028001,2013,406800.0,1504.0,621.0,43.0,1504.0,186.0,800.0,0.0,0.0,0.0,405.0,113.0,292.0,386.0,186.0,154.0,108.0,0.0,0.0
20000028002,2013,208300.0,1623.0,626.0,45.0,1623.0,42.0,1164.0,0.0,27.0,0.0,288.0,102.0,77.0,749.0,109.0,221.0,73.0,0.0,0.0
20000028003,2013,,1345.0,597.0,64.0,1345.0,0.0,1110.0,0.0,0.0,0.0,208.0,27.0,97.0,452.0,212.0,53.0,84.0,0.0,0.0
20000028004,2013,,1332.0,496.0,27.0,1332.0,48.0,976.0,0.0,0.0,0.0,292.0,16.0,91.0,568.0,134.0,90.0,0.0,0.0,0.0
20000031001,2013,52900.0,1272.0,478.0,113.0,1272.0,287.0,588.0,0.0,21.0,0.0,374.0,2.0,284.0,270.0,64.0,122.0,0.0,0.0,0.0
20000033001,2013,290000.0,559.0,140.0,17.0,559.0,132.0,139.0,0.0,0.0,0.0,288.0,0.0,134.0,169.0,22.0,54.0,0.0,10.0,0.0
20000033002,2013,429200.0,1848.0,476.0,253.0,1848.0,371.0,995.0,0.0,0.0,0.0,460.0,22.0,401.0,300.0,46.0,73.0,56.0,0.0,0.0
20000033003,2013,,1578.0,540.0,302.0,1578.0,722.0,495.0,0.0,0.0,0.0,347.0,14.0,435.0,396.0,9.0,39.0,0.0,0.0,0.0
20000035001,2013,,765.0,296.0,102.0,765.0,129.0,177.0,0.0,0.0,0.0,375.0,84.0,93.0,236.0,31.0,49.0,22.0,0.0,0.0
20000035002,2013,,1621.0,579.0,273.0,1621.0,146.0,886.0,0.0,0.0,0.0,499.0,90.0,545.0,369.0,19.0,0.0,0.0,0.0,0.0
20000035003,2013,405600.0,1390.0,414.0,103.0,1390.0,239.0,158.0,0.0,0.0,0.0,936.0,57.0,306.0,360.0,26.0,71.0,16.0,0.0,0.0
20000037001,2013,,242.0,100.0,36.0,242.0,68.0,54.0,0.0,0.0,0.0,120.0,0.0,26.0,135.0,11.0,0.0,0.0,0.0,0.0
20000038001,2013,445500.0,1291.0,397.0,148.0,1291.0,191.0,518.0,0.0,9.0,0.0,524.0,49.0,209.0,362.0,66.0,47.0,57.0,12.0,0.0
20000039001,2013,,1433.0,411.0,220.0,1433.0,568.0,202.0,0.0,0.0,0.0,663.0,0.0,486.0,321.0,21.0,20.0,0.0,0.0,0.0
20000039002,2013,,1561.0,425.0,198.0,1561.0,382.0,462.0,0.0,24.0,0.0,693.0,0.0,385.0,357.0,48.0,66.0,0.0,32.0,0.0
20000039003,2013,,600.0,260.0,78.0,600.0,323.0,75.0,0.0,0.0,0.0,202.0,0.0,227.0,117.0,0.0,0.0,0.0,0.0,10.0
20000039004,2013,,1042.0,344.0,79.0,1042.0,659.0,259.0,0.0,0.0,0.0,124.0,0.0,205.0,255.0,92.0,97.0,12.0,0.0,0.0
20000039005,2013,530300.0,1413.0,454.0,124.0,1413.0,399.0,449.0,33.0,62.0,0.0,470.0,0.0,289.0,377.0,77.0,150.0,33.0,0.0,0.0
20000040011,2013,372000.0,1470.0,490.0,77.0,1470.0,298.0,290.0,0.0,357.0,0.0,300.0,225.0,266.0,555.0,36.0,150.0,29.0,9.0,0.0
20000041001,2013,,1873.0,702.0,316.0,1873.0,571.0,305.0,10.0,83.0,0.0,738.0,166.0,566.0,371.0,20.0,48.0,0.0,0.0,0.0
20000041002,2013,318300.0,2027.0,552.0,155.0,2027.0,793.0,548.0,31.0,0.0,0.0,643.0,12.0,504.0,460.0,73.0,48.0,43.0,0.0,1.0
20000041003,2013,,18.0,4.0,4.0,18.0,0.0,0.0,0.0,0.0,0.0,18.0,0.0,4.0,0.0,4.0,0.0,0.0,0.0,0.0
20000041004,2013,,2300.0,767.0,440.0,2300.0,532.0,1356.0,0.0,0.0,0.0,402.0,10.0,471.0,337.0,146.0,86.0,15.0,0.0,0.0
20000042001,2013,,577.0,212.0,61.0,577.0,144.0,338.0,0.0,0.0,0.0,95.0,0.0,223.0,128.0,0.0,59.0,0.0,0.0,0.0
20000042002,2013,,3647.0,1044.0,600.0,3647.0,909.0,1585.0,39.0,78.0,0.0,1018.0,18.0,744.0,846.0,178.0,111.0,0.0,0.0,0.0
20000042003,2013,,1021.0,477.0,61.0,1021.0,186.0,500.0,0.0,0.0,0.0,284.0,51.0,155.0,397.0,20.0,168.0,15.0,13.0,0.0
20000042004,2013,,673.0,275.0,18.0,673.0,0.0,493.0,0.0,0.0,0.0,103.0,77.0,93.0,185.0,109.0,116.0,28.0,0.0,0.0
20000042005,2013,202900.0,646.0,347.0,6.0,646.0,68.0,507.0,0.0,0.0,0.0,71.0,0.0,43.0,336.0,9.0,0.0,68.0,0.0,0.0
20000042006,2013,,0.0,0.0,0.0,0.0,0.0,0.0,0.0,0.0,0.0,0.0,0.0,0.0,0.0,0.0,0.0,0.0,0.0,0.0
20000042007,2013,139400.0,865.0,347.0,38.0,865.0,307.0,216.0,0.0,0.0,0.0,342.0,0.0,270.0,60.0,65.0,121.0,34.0,0.0,0.0
20000043001,2013,,1305.0,457.0,279.0,1305.0,208.0,509.0,0.0,0.0,0.0,536.0,52.0,290.0,264.0,16.0,100.0,0.0,0.0,0.0
20000043002,2013,,1571.0,548.0,199.0,1571.0,229.0,487.0,66.0,0.0,10.0,773.0,6.0,414.0,410.0,72.0,97.0,0.0,0.0,0.0
20000043003,2013,463200.0,1475.0,435.0,129.0,1475.0,534.0,509.0,0.0,0.0,0.0,244.0,188.0,214.0,425.0,23.0,85.0,55.0,0.0,0.0
20000043004,2013,434400.0,983.0,369.0,179.0,983.0,189.0,463.0,0.0,0.0,0.0,315.0,16.0,202.0,298.0,53.0,22.0,44.0,0.0,0.0
20000044001,2013,,1233.0,459.0,219.0,1233.0,180.0,488.0,6.0,17.0,0.0,500.0,42.0,314.0,332.0,25.0,86.0,0.0,0.0,0.0
20000044002,2013,,587.0,247.0,125.0,587.0,72.0,97.0,0.0,0.0,0.0,335.0,83.0,160.0,236.0,13.0,45.0,0.0,0.0,0.0
20000044003,2013,413900.0,1909.0,553.0,184.0,1909.0,174.0,938.0,0.0,259.0,0.0,320.0,218.0,566.0,458.0,107.0,71.0,28.0,0.0,0.0
20000044004,2013,,1051.0,409.0,224.0,1051.0,259.0,522.0,0.0,0.0,0.0,216.0,54.0,172.0,302.0,7.0,11.0,0.0,0.0,0.0
20000046001,2013,110200.0,1605.0,657.0,171.0,1605.0,364.0,592.0,13.0,0.0,0.0,629.0,7.0,319.0,565.0,63.0,120.0,44.0,0.0,0.0
20000048001,2013,,1648.0,581.0,204.0,1648.0,231.0,414.0,0.0,47.0,0.0,747.0,209.0,457.0,402.0,30.0,54.0,0.0,0.0,0.0
20000048002,2013,338000.0,2234.0,653.0,269.0,2234.0,382.0,498.0,10.0,163.0,0.0,1100.0,81.0,709.0,614.0,57.0,61.0,41.0,0.0,0.0
20000050011,2013,402400.0,1790.0,561.0,105.0,1790.0,287.0,584.0,0.0,0.0,0.0,805.0,114.0,417.0,499.0,96.0,92.0,32.0,0.0,0.0
20000050012,2013,461500.0,1166.0,421.0,211.0,1166.0,122.0,768.0,0.0,0.0,0.0,145.0,131.0,265.0,287.0,51.0,43.0,7.0,0.0,0.0
20000050013,2013,,1135.0,248.0,127.0,1135.0,0.0,324.0,0.0,18.0,0.0,749.0,44.0,245.0,154.0,61.0,15.0,0.0,0.0,0.0
20000050014,2013,580900.0,691.0,202.0,26.0,691.0,24.0,422.0,0.0,0.0,0.0,187.0,58.0,143.0,189.0,10.0,35.0,12.0,0.0,0.0
20000050021,2013,,1888.0,526.0,157.0,1888.0,518.0,622.0,73.0,8.0,0.0,659.0,8.0,498.0,347.0,66.0,39.0,33.0,0.0,0.0
20000050022,2013,,932.0,394.0,118.0,932.0,148.0,136.0,0.0,0.0,0.0,598.0,50.0,255.0,312.0,66.0,34.0,0.0,0.0,0.0
20000050023,2013,,1301.0,407.0,147.0,1301.0,123.0,253.0,43.0,127.0,0.0,659.0,96.0,304.0,326.0,62.0,59.0,0.0,0.0,0.0
20000050024,2013,,1523.0,329.0,138.0,1523.0,196.0,158.0,0.0,17.0,0.0,987.0,165.0,486.0,267.0,10.0,14.0,13.0,9.0,0.0
20000051001,2013,,461.0,167.0,28.0,461.0,12.0,140.0,0.0,0.0,0.0,284.0,25.0,236.0,79.0,0.0,32.0,32.0,0.0,0.0
20000051002,2013,,2670.0,879.0,343.0,2670.0,475.0,1111.0,105.0,0.0,0.0,925.0,54.0,635.0,784.0,78.0,76.0,0.0,0.0,0.0
20000051003,2013,,2727.0,911.0,417.0,2727.0,375.0,1149.0,0.0,10.0,0.0,1162.0,31.0,667.0,614.0,61.0,107.0,54.0,2.0,2.0
20000052001,2013,343800.0,565.0,198.0,83.0,565.0,155.0,190.0,0.0,60.0,0.0,97.0,63.0,135.0,176.0,9.0,10.0,40.0,0.0,0.0
20000052002,2013,,1420.0,547.0,275.0,1420.0,158.0,575.0,0.0,0.0,0.0,504.0,183.0,474.0,453.0,26.0,26.0,0.0,0.0,6.0
20000053001,2013,,1356.0,673.0,377.0,1356.0,51.0,850.0,0.0,0.0,0.0,353.0,102.0,214.0,313.0,87.0,112.0,15.0,0.0,0.0
20000053002,2013,,1652.0,589.0,323.0,1652.0,109.0,851.0,56.0,0.0,0.0,458.0,178.0,304.0,334.0,90.0,86.0,49.0,0.0,46.0
20000054001,2013,458300.0,842.0,207.0,88.0,842.0,26.0,102.0,0.0,33.0,0.0,616.0,65.0,351.0,130.0,0.0,12.0,0.0,0.0,0.0
20000054002,2013,450600.0,3138.0,865.0,228.0,3138.0,617.0,1026.0,0.0,15.0,0.0,932.0,548.0,716.0,1197.0,83.0,166.0,7.0,33.0,0.0
20000054003,2013,459200.0,940.0,268.0,101.0,940.0,144.0,128.0,0.0,47.0,0.0,553.0,68.0,225.0,194.0,13.0,31.0,0.0,0.0,0.0
20000054004,2013,146500.0,1132.0,332.0,153.0,1132.0,243.0,152.0,0.0,70.0,0.0,406.0,261.0,301.0,242.0,0.0,60.0,0.0,26.0,0.0
20000056001,2013,213900.0,785.0,425.0,237.0,785.0,115.0,251.0,0.0,0.0,0.0,359.0,60.0,238.0,213.0,26.0,75.0,24.0,0.0,11.0
20000056002,2013,597200.0,809.0,228.0,64.0,809.0,127.0,56.0,0.0,5.0,0.0,450.0,171.0,240.0,270.0,17.0,27.0,0.0,11.0,0.0
20000056003,2013,,789.0,239.0,46.0,789.0,144.0,317.0,0.0,37.0,0.0,195.0,96.0,237.0,211.0,28.0,22.0,0.0,0.0,0.0
20000059021,2013,225000.0,1075.0,311.0,62.0,1075.0,184.0,361.0,0.0,0.0,0.0,395.0,135.0,153.0,281.0,23.0,77.0,36.0,30.0,0.0
20000059022,2013,183300.0,1774.0,765.0,280.0,1774.0,396.0,535.0,98.0,0.0,0.0,738.0,7.0,407.0,473.0,35.0,87.0,36.0,9.0,0.0
20000060001,2013,396400.0,1255.0,329.0,97.0,1255.0,145.0,260.0,0.0,11.0,0.0,839.0,0.0,222.0,400.0,35.0,94.0,14.0,0.0,0.0
20000061001,2013,23100.0,606.0,330.0,27.0,606.0,42.0,481.0,0.0,0.0,0.0,83.0,0.0,120.0,214.0,6.0,60.0,40.0,20.0,14.0
20000061002,2013,40600.0,3183.0,1735.0,318.0,3183.0,140.0,2611.0,0.0,0.0,0.0,245.0,187.0,312.0,1152.0,168.0,409.0,230.0,47.0,19.0
20000061003,2013,,0.0,0.0,0.0,0.0,0.0,0.0,0.0,0.0,0.0,0.0,0.0,0.0,0.0,0.0,0.0,0.0,0.0,0.0
20000062001,2013,,1488.0,565.0,128.0,1488.0,166.0,523.0,0.0,16.0,0.0,617.0,166.0,311.0,299.0,106.0,82.0,68.0,0.0,0.0
20000062002,2013,,2436.0,667.0,400.0,2436.0,78.0,1389.0,14.0,0.0,0.0,884.0,71.0,443.0,479.0,22.0,14.0,43.0,0.0,0.0
20000062003,2013,,1469.0,505.0,253.0,1469.0,191.0,539.0,0.0,0.0,0.0,548.0,191.0,535.0,244.0,97.0,20.0,0.0,0.0,0.0
20000062004,2013,,1376.0,347.0,130.0,1376.0,135.0,326.0,16.0,0.0,0.0,830.0,69.0,406.0,398.0,18.0,35.0,0.0,0.0,18.0
20000062005,2013,,896.0,260.0,67.0,896.0,72.0,404.0,0.0,0.0,0.0,0.0,420.0,111.0,260.0,17.0,66.0,43.0,0.0,0.0
20000063001,2013,,0.0,0.0,0.0,0.0,0.0,0.0,0.0,0.0,0.0,0.0,0.0,0.0,0.0,0.0,0.0,0.0,0.0,0.0
20000063002,2013,378000.0,329.0,150.0,25.0,329.0,145.0,111.0,11.0,0.0,0.0,62.0,0.0,70.0,130.0,0.0,25.0,8.0,4.0,0.0
20000063003,2013,,721.0,279.0,72.0,721.0,201.0,267.0,0.0,22.0,0.0,231.0,0.0,128.0,236.0,36.0,54.0,22.0,0.0,0.0
20000063004,2013,121800.0,1013.0,399.0,126.0,1013.0,134.0,244.0,0.0,366.0,0.0,261.0,8.0,291.0,264.0,53.0,131.0,33.0,0.0,8.0
20000063005,2013,,1060.0,313.0,127.0,1060.0,309.0,194.0,39.0,0.0,0.0,493.0,25.0,332.0,209.0,0.0,45.0,0.0,12.0,0.0
20000063006,2013,252400.0,1896.0,751.0,238.0,1896.0,596.0,576.0,35.0,38.0,0.0,597.0,54.0,469.0,602.0,73.0,120.0,29.0,36.0,9.0
20000064001,2013,495500.0,1812.0,563.0,122.0,1812.0,125.0,623.0,27.0,6.0,0.0,956.0,75.0,149.0,452.0,175.0,214.0,16.0,0.0,0.0
20000064002,2013,,637.0,279.0,91.0,637.0,192.0,157.0,0.0,36.0,0.0,199.0,53.0,220.0,196.0,53.0,51.0,11.0,0.0,0.0
20000064003,2013,,887.0,203.0,66.0,887.0,51.0,371.0,0.0,179.0,0.0,115.0,171.0,40.0,386.0,17.0,161.0,0.0,0.0,0.0
20000064004,2013,,681.0,184.0,53.0,681.0,135.0,421.0,0.0,0.0,0.0,118.0,7.0,56.0,223.0,13.0,70.0,0.0,0.0,0.0
20000065001,2013,,1271.0,313.0,105.0,1271.0,373.0,125.0,0.0,6.0,0.0,758.0,9.0,286.0,372.0,6.0,55.0,0.0,0.0,0.0
20000065002,2013,,3374.0,1149.0,537.0,3374.0,397.0,1727.0,0.0,56.0,0.0,1165.0,29.0,642.0,908.0,137.0,143.0,0.0,0.0,0.0
20000065003,2013,,745.0,240.0,79.0,745.0,99.0,172.0,0.0,14.0,0.0,460.0,0.0,146.0,201.0,0.0,68.0,0.0,0.0,0.0
20000065004,2013,,344.0,139.0,54.0,344.0,58.0,98.0,0.0,10.0,0.0,178.0,0.0,48.0,152.0,0.0,11.0,9.0,0.0,10.0
20000067001,2013,459200.0,1361.0,397.0,111.0,1361.0,275.0,225.0,0.0,0.0,0.0,793.0,68.0,368.0,463.0,0.0,0.0,0.0,0.0,0.0
20000067002,2013,,1253.0,300.0,229.0,1253.0,30.0,304.0,0.0,0.0,0.0,901.0,18.0,357.0,209.0,0.0,65.0,0.0,0.0,0.0
20000067003,2013,,1348.0,600.0,397.0,1348.0,61.0,769.0,0.0,19.0,0.0,434.0,65.0,584.0,202.0,42.0,19.0,0.0,0.0,0.0
20000067004,2013,,1951.0,471.0,255.0,1951.0,297.0,899.0,169.0,0.0,0.0,526.0,60.0,230.0,392.0,0.0,63.0,16.0,0.0,0.0
20000067005,2013,,821.0,289.0,91.0,821.0,204.0,468.0,0.0,0.0,0.0,149.0,0.0,285.0,257.0,55.0,19.0,14.0,0.0,0.0
20000067006,2013,,1078.0,276.0,67.0,1078.0,513.0,126.0,4.0,0.0,0.0,435.0,0.0,348.0,324.0,0.0,14.0,0.0,0.0,0.0
20000068001,2013,417600.0,1726.0,489.0,115.0,1726.0,145.0,687.0,0.0,15.0,0.0,686.0,193.0,389.0,457.0,146.0,57.0,8.0,0.0,0.0
20000068002,2013,,416.0,132.0,47.0,416.0,10.0,190.0,0.0,0.0,0.0,98.0,118.0,40.0,173.0,9.0,46.0,0.0,0.0,0.0
20000068003,2013,439300.0,842.0,358.0,112.0,842.0,120.0,432.0,0.0,81.0,0.0,191.0,18.0,122.0,406.0,37.0,53.0,17.0,0.0,0.0
20000069001,2013,,2773.0,948.0,423.0,2773.0,579.0,1165.0,46.0,8.0,0.0,775.0,200.0,584.0,678.0,76.0,266.0,71.0,0.0,0.0
20000069002,2013,420000.0,1727.0,620.0,257.0,1727.0,148.0,729.0,17.0,0.0,0.0,787.0,46.0,403.0,404.0,67.0,17.0,14.0,0.0,0.0
20000069003,2013,,1283.0,499.0,281.0,1283.0,312.0,662.0,0.0,0.0,0.0,293.0,16.0,411.0,132.0,42.0,43.0,0.0,0.0,0.0
20000069004,2013,,1581.0,541.0,298.0,1581.0,56.0,710.0,0.0,110.0,0.0,705.0,0.0,392.0,398.0,17.0,34.0,0.0,0.0,0.0
20000070001,2013,431700.0,2757.0,772.0,180.0,2757.0,444.0,1001.0,95.0,124.0,0.0,1020.0,73.0,539.0,775.0,67.0,148.0,23.0,3.0,0.0
20000070002,2013,,895.0,213.0,103.0,895.0,270.0,275.0,0.0,0.0,0.0,228.0,122.0,203.0,157.0,23.0,61.0,0.0,0.0,0.0
20000070003,2013,428500.0,1142.0,313.0,125.0,1142.0,59.0,151.0,0.0,155.0,0.0,777.0,0.0,315.0,280.0,8.0,73.0,10.0,0.0,0.0
20000071001,2013,224100.0,951.0,281.0,29.0,951.0,221.0,390.0,0.0,6.0,0.0,319.0,15.0,171.0,344.0,34.0,101.0,42.0,0.0,0.0
20000071002,2013,286400.0,1365.0,395.0,133.0,1365.0,165.0,699.0,16.0,0.0,0.0,440.0,45.0,222.0,319.0,23.0,87.0,9.0,0.0,0.0
20000072001,2013,383300.0,2044.0,567.0,110.0,2044.0,331.0,366.0,0.0,438.0,0.0,622.0,287.0,456.0,469.0,20.0,191.0,82.0,13.0,0.0
20000072002,2013,404500.0,2318.0,613.0,206.0,2318.0,300.0,488.0,0.0,795.0,0.0,714.0,21.0,484.0,487.0,49.0,136.0,110.0,9.0,0.0
20000072003,2013,146200.0,771.0,352.0,117.0,771.0,311.0,234.0,0.0,12.0,0.0,183.0,31.0,138.0,218.0,86.0,52.0,0.0,25.0,0.0
20000072004,2013,487100.0,852.0,243.0,86.0,852.0,166.0,53.0,0.0,10.0,0.0,414.0,209.0,149.0,197.0,13.0,63.0,32.0,0.0,0.0
20000073001,2013,,1065.0,387.0,87.0,1065.0,239.0,239.0,4.0,0.0,0.0,556.0,27.0,357.0,303.0,9.0,59.0,0.0,0.0,0.0
20000073002,2013,,970.0,391.0,155.0,970.0,380.0,188.0,0.0,0.0,0.0,376.0,26.0,304.0,150.0,29.0,27.0,0.0,0.0,0.0
20000073003,2013,,1561.0,492.0,220.0,1561.0,119.0,838.0,0.0,0.0,0.0,598.0,6.0,291.0,356.0,137.0,27.0,0.0,0.0,0.0
20000074001,2013,444200.0,1548.0,525.0,71.0,1548.0,400.0,405.0,0.0,40.0,0.0,640.0,63.0,182.0,426.0,213.0,135.0,57.0,0.0,0.0
20000074002,2013,378100.0,1109.0,276.0,96.0,1109.0,195.0,178.0,0.0,0.0,0.0,736.0,0.0,153.0,354.0,12.0,101.0,2.0,0.0,0.0
20000074003,2013,90700.0,1206.0,617.0,103.0,1206.0,257.0,785.0,0.0,0.0,0.0,141.0,23.0,199.0,479.0,72.0,147.0,48.0,0.0,12.0
20000075001,2013,303400.0,1325.0,457.0,131.0,1325.0,118.0,352.0,0.0,0.0,0.0,834.0,21.0,252.0,304.0,49.0,52.0,72.0,21.0,0.0
20000075002,2013,240700.0,1677.0,553.0,107.0,1677.0,216.0,691.0,0.0,0.0,0.0,738.0,32.0,321.0,409.0,25.0,117.0,47.0,0.0,0.0
20000075003,2013,,1093.0,522.0,228.0,1093.0,211.0,365.0,0.0,13.0,0.0,415.0,89.0,285.0,286.0,7.0,52.0,0.0,0.0,0.0
20000075004,2013,,571.0,224.0,84.0,571.0,182.0,237.0,0.0,0.0,0.0,99.0,53.0,125.0,195.0,7.0,33.0,0.0,0.0,0.0
20000076001,2013,,743.0,220.0,29.0,743.0,82.0,480.0,0.0,0.0,0.0,92.0,89.0,173.0,205.0,48.0,81.0,0.0,0.0,0.0
20000076002,2013,512700.0,1248.0,427.0,132.0,1248.0,128.0,520.0,73.0,42.0,0.0,334.0,151.0,426.0,237.0,53.0,75.0,85.0,0.0,0.0
20000076003,2013,533100.0,886.0,212.0,97.0,886.0,178.0,325.0,0.0,0.0,0.0,236.0,147.0,155.0,275.0,107.0,19.0,53.0,0.0,0.0
20000076004,2013,528800.0,1434.0,415.0,184.0,1434.0,551.0,80.0,0.0,60.0,0.0,650.0,93.0,279.0,377.0,9.0,77.0,15.0,0.0,9.0
20000076005,2013,436200.0,1371.0,297.0,113.0,1371.0,21.0,538.0,0.0,124.0,0.0,688.0,0.0,250.0,343.0,64.0,84.0,20.0,0.0,0.0
20000077001,2013,431000.0,1866.0,594.0,209.0,1866.0,356.0,427.0,14.0,0.0,0.0,1038.0,31.0,381.0,421.0,91.0,118.0,47.0,0.0,0.0
20000078001,2013,355000.0,1701.0,449.0,106.0,1701.0,341.0,280.0,0.0,314.0,0.0,727.0,39.0,462.0,404.0,14.0,221.0,16.0,0.0,0.0
20000078002,2013,415500.0,2579.0,847.0,293.0,2579.0,757.0,415.0,0.0,416.0,0.0,824.0,167.0,420.0,694.0,163.0,168.0,0.0,0.0,0.0
20000078003,2013,,1606.0,359.0,120.0,1606.0,128.0,201.0,0.0,0.0,0.0,1238.0,39.0,635.0,290.0,24.0,0.0,0.0,0.0,0.0
20000078004,2013,,907.0,366.0,166.0,907.0,76.0,226.0,0.0,13.0,0.0,275.0,317.0,95.0,288.0,15.0,74.0,19.0,0.0,0.0
20000079001,2013,,1769.0,574.0,368.0,1769.0,266.0,393.0,0.0,0.0,0.0,1063.0,47.0,531.0,247.0,14.0,0.0,28.0,0.0,0.0
20000079002,2013,,635.0,283.0,13.0,635.0,309.0,56.0,0.0,0.0,0.0,268.0,2.0,286.0,172.0,27.0,5.0,0.0,0.0,0.0
20000079003,2013,,854.0,288.0,117.0,854.0,96.0,311.0,0.0,0.0,0.0,447.0,0.0,296.0,180.0,18.0,26.0,0.0,0.0,0.0
20000079004,2013,406700.0,1132.0,452.0,152.0,1132.0,375.0,182.0,0.0,0.0,0.0,487.0,88.0,291.0,232.0,49.0,59.0,0.0,0.0,0.0
20000079005,2013,,496.0,230.0,78.0,496.0,185.0,160.0,0.0,0.0,0.0,151.0,0.0,70.0,87.0,43.0,36.0,0.0,0.0,0.0
20000079006,2013,,1242.0,408.0,182.0,1242.0,289.0,819.0,0.0,0.0,0.0,122.0,12.0,244.0,372.0,11.0,71.0,0.0,0.0,0.0
20000083001,2013,,788.0,280.0,134.0,788.0,84.0,189.0,0.0,0.0,0.0,509.0,6.0,245.0,115.0,0.0,33.0,0.0,0.0,0.0
20000083002,2013,,403.0,165.0,135.0,403.0,0.0,336.0,0.0,0.0,0.0,0.0,67.0,0.0,149.0,0.0,41.0,0.0,0.0,0.0
20000083003,2013,434200.0,1377.0,569.0,286.0,1377.0,155.0,591.0,10.0,0.0,0.0,551.0,70.0,466.0,318.0,27.0,12.0,12.0,20.0,0.0
20000083004,2013,388100.0,1424.0,415.0,164.0,1424.0,285.0,221.0,0.0,0.0,0.0,865.0,53.0,287.0,301.0,34.0,80.0,10.0,0.0,0.0
20000083005,2013,,1134.0,397.0,106.0,1134.0,239.0,484.0,0.0,0.0,26.0,320.0,65.0,253.0,350.0,58.0,22.0,0.0,0.0,0.0
20000083006,2013,,626.0,186.0,79.0,626.0,30.0,287.0,0.0,0.0,0.0,309.0,0.0,130.0,216.0,0.0,10.0,0.0,0.0,0.0
20000084001,2013,379100.0,866.0,254.0,35.0,866.0,111.0,512.0,0.0,31.0,0.0,194.0,18.0,127.0,290.0,7.0,102.0,4.0,0.0,0.0
20000084002,2013,464800.0,1575.0,403.0,73.0,1575.0,233.0,311.0,41.0,0.0,0.0,944.0,46.0,183.0,491.0,60.0,165.0,72.0,0.0,3.0
20000085001,2013,,661.0,235.0,139.0,661.0,292.0,145.0,0.0,0.0,0.0,224.0,0.0,227.0,115.0,11.0,21.0,0.0,0.0,0.0
20000085002,2013,211700.0,2254.0,567.0,161.0,2254.0,151.0,468.0,0.0,66.0,0.0,1529.0,40.0,584.0,493.0,35.0,119.0,44.0,0.0,9.0
20000085003,2013,396900.0,1032.0,272.0,60.0,1032.0,108.0,202.0,0.0,0.0,0.0,722.0,0.0,185.0,338.0,18.0,129.0,0.0,0.0,0.0
20000085004,2013,,735.0,338.0,191.0,735.0,146.0,71.0,0.0,0.0,23.0,462.0,33.0,183.0,243.0,0.0,43.0,0.0,0.0,8.0
20000085005,2013,,1264.0,288.0,116.0,1264.0,71.0,321.0,0.0,0.0,0.0,846.0,26.0,202.0,296.0,41.0,14.0,25.0,0.0,0.0
20000086001,2013,377800.0,987.0,383.0,85.0,987.0,260.0,85.0,0.0,75.0,0.0,560.0,7.0,245.0,358.0,45.0,94.0,0.0,0.0,0.0
20000086002,2013,,1426.0,564.0,255.0,1426.0,266.0,479.0,0.0,0.0,0.0,671.0,10.0,371.0,444.0,39.0,19.0,24.0,0.0,0.0
20000086003,2013,,1145.0,429.0,248.0,1145.0,410.0,293.0,0.0,11.0,0.0,305.0,126.0,354.0,223.0,67.0,40.0,8.0,0.0,0.0
20000087001,2013,,1429.0,468.0,118.0,1429.0,182.0,392.0,0.0,0.0,0.0,733.0,122.0,387.0,383.0,55.0,10.0,9.0,0.0,16.0
20000087002,2013,,1685.0,516.0,165.0,1685.0,219.0,446.0,0.0,0.0,0.0,980.0,40.0,487.0,560.0,62.0,65.0,8.0,0.0,0.0
20000087003,2013,,834.0,268.0,88.0,834.0,128.0,285.0,0.0,0.0,0.0,421.0,0.0,237.0,165.0,72.0,19.0,0.0,0.0,0.0
20000087004,2013,,931.0,263.0,122.0,931.0,232.0,174.0,0.0,0.0,0.0,525.0,0.0,169.0,243.0,10.0,42.0,17.0,0.0,0.0
